--
-- PostgreSQL database dump
--

-- Dumped from database version 13.16 (Debian 13.16-1.pgdg120+1)
-- Dumped by pg_dump version 16.4 (Debian 16.4-1)

SET statement_timeout = 0;
SET lock_timeout = 0;
SET idle_in_transaction_session_timeout = 0;
SET client_encoding = 'UTF8';
SET standard_conforming_strings = on;
SELECT pg_catalog.set_config('search_path', '', false);
SET check_function_bodies = false;
SET xmloption = content;
SET client_min_messages = warning;
SET row_security = off;

--
-- Name: public; Type: SCHEMA; Schema: -; Owner: admin
--

-- *not* creating schema, since initdb creates it


ALTER SCHEMA public OWNER TO admin;

SET default_tablespace = '';

SET default_table_access_method = heap;

--
-- Name: auth_group; Type: TABLE; Schema: public; Owner: admin
--

CREATE TABLE public.auth_group (
    id integer NOT NULL,
    name character varying(150) NOT NULL
);


ALTER TABLE public.auth_group OWNER TO admin;

--
-- Name: auth_group_id_seq; Type: SEQUENCE; Schema: public; Owner: admin
--

ALTER TABLE public.auth_group ALTER COLUMN id ADD GENERATED BY DEFAULT AS IDENTITY (
    SEQUENCE NAME public.auth_group_id_seq
    START WITH 1
    INCREMENT BY 1
    NO MINVALUE
    NO MAXVALUE
    CACHE 1
);


--
-- Name: auth_group_permissions; Type: TABLE; Schema: public; Owner: admin
--

CREATE TABLE public.auth_group_permissions (
    id bigint NOT NULL,
    group_id integer NOT NULL,
    permission_id integer NOT NULL
);


ALTER TABLE public.auth_group_permissions OWNER TO admin;

--
-- Name: auth_group_permissions_id_seq; Type: SEQUENCE; Schema: public; Owner: admin
--

ALTER TABLE public.auth_group_permissions ALTER COLUMN id ADD GENERATED BY DEFAULT AS IDENTITY (
    SEQUENCE NAME public.auth_group_permissions_id_seq
    START WITH 1
    INCREMENT BY 1
    NO MINVALUE
    NO MAXVALUE
    CACHE 1
);


--
-- Name: auth_permission; Type: TABLE; Schema: public; Owner: admin
--

CREATE TABLE public.auth_permission (
    id integer NOT NULL,
    name character varying(255) NOT NULL,
    content_type_id integer NOT NULL,
    codename character varying(100) NOT NULL
);


ALTER TABLE public.auth_permission OWNER TO admin;

--
-- Name: auth_permission_id_seq; Type: SEQUENCE; Schema: public; Owner: admin
--

ALTER TABLE public.auth_permission ALTER COLUMN id ADD GENERATED BY DEFAULT AS IDENTITY (
    SEQUENCE NAME public.auth_permission_id_seq
    START WITH 1
    INCREMENT BY 1
    NO MINVALUE
    NO MAXVALUE
    CACHE 1
);


--
-- Name: be_film; Type: TABLE; Schema: public; Owner: admin
--

CREATE TABLE public.be_film (
    id uuid NOT NULL,
    title character varying(256) NOT NULL,
    description text NOT NULL,
    director character varying(256) NOT NULL,
    release_year integer NOT NULL,
    genre text NOT NULL,
    price integer NOT NULL,
    duration integer NOT NULL,
    video character varying(100) NOT NULL,
    cover_image character varying(100),
    created_at timestamp with time zone NOT NULL,
    updated_at timestamp with time zone NOT NULL
);


ALTER TABLE public.be_film OWNER TO admin;

--
-- Name: be_profile; Type: TABLE; Schema: public; Owner: admin
--

CREATE TABLE public.be_profile (
    password character varying(128) NOT NULL,
    last_login timestamp with time zone,
    is_superuser boolean NOT NULL,
    username character varying(150) NOT NULL,
    first_name character varying(150) NOT NULL,
    last_name character varying(150) NOT NULL,
    is_staff boolean NOT NULL,
    is_active boolean NOT NULL,
    date_joined timestamp with time zone NOT NULL,
    id uuid NOT NULL,
    email character varying(256) NOT NULL,
    balance integer NOT NULL,
    bought_movies text NOT NULL
);


ALTER TABLE public.be_profile OWNER TO admin;

--
-- Name: be_profile_groups; Type: TABLE; Schema: public; Owner: admin
--

CREATE TABLE public.be_profile_groups (
    id bigint NOT NULL,
    profile_id uuid NOT NULL,
    group_id integer NOT NULL
);


ALTER TABLE public.be_profile_groups OWNER TO admin;

--
-- Name: be_profile_groups_id_seq; Type: SEQUENCE; Schema: public; Owner: admin
--

ALTER TABLE public.be_profile_groups ALTER COLUMN id ADD GENERATED BY DEFAULT AS IDENTITY (
    SEQUENCE NAME public.be_profile_groups_id_seq
    START WITH 1
    INCREMENT BY 1
    NO MINVALUE
    NO MAXVALUE
    CACHE 1
);


--
-- Name: be_profile_user_permissions; Type: TABLE; Schema: public; Owner: admin
--

CREATE TABLE public.be_profile_user_permissions (
    id bigint NOT NULL,
    profile_id uuid NOT NULL,
    permission_id integer NOT NULL
);


ALTER TABLE public.be_profile_user_permissions OWNER TO admin;

--
-- Name: be_profile_user_permissions_id_seq; Type: SEQUENCE; Schema: public; Owner: admin
--

ALTER TABLE public.be_profile_user_permissions ALTER COLUMN id ADD GENERATED BY DEFAULT AS IDENTITY (
    SEQUENCE NAME public.be_profile_user_permissions_id_seq
    START WITH 1
    INCREMENT BY 1
    NO MINVALUE
    NO MAXVALUE
    CACHE 1
);


--
-- Name: django_admin_log; Type: TABLE; Schema: public; Owner: admin
--

CREATE TABLE public.django_admin_log (
    id integer NOT NULL,
    action_time timestamp with time zone NOT NULL,
    object_id text,
    object_repr character varying(200) NOT NULL,
    action_flag smallint NOT NULL,
    change_message text NOT NULL,
    content_type_id integer,
    user_id uuid NOT NULL,
    CONSTRAINT django_admin_log_action_flag_check CHECK ((action_flag >= 0))
);


ALTER TABLE public.django_admin_log OWNER TO admin;

--
-- Name: django_admin_log_id_seq; Type: SEQUENCE; Schema: public; Owner: admin
--

ALTER TABLE public.django_admin_log ALTER COLUMN id ADD GENERATED BY DEFAULT AS IDENTITY (
    SEQUENCE NAME public.django_admin_log_id_seq
    START WITH 1
    INCREMENT BY 1
    NO MINVALUE
    NO MAXVALUE
    CACHE 1
);


--
-- Name: django_content_type; Type: TABLE; Schema: public; Owner: admin
--

CREATE TABLE public.django_content_type (
    id integer NOT NULL,
    app_label character varying(100) NOT NULL,
    model character varying(100) NOT NULL
);


ALTER TABLE public.django_content_type OWNER TO admin;

--
-- Name: django_content_type_id_seq; Type: SEQUENCE; Schema: public; Owner: admin
--

ALTER TABLE public.django_content_type ALTER COLUMN id ADD GENERATED BY DEFAULT AS IDENTITY (
    SEQUENCE NAME public.django_content_type_id_seq
    START WITH 1
    INCREMENT BY 1
    NO MINVALUE
    NO MAXVALUE
    CACHE 1
);


--
-- Name: django_migrations; Type: TABLE; Schema: public; Owner: admin
--

CREATE TABLE public.django_migrations (
    id bigint NOT NULL,
    app character varying(255) NOT NULL,
    name character varying(255) NOT NULL,
    applied timestamp with time zone NOT NULL
);


ALTER TABLE public.django_migrations OWNER TO admin;

--
-- Name: django_migrations_id_seq; Type: SEQUENCE; Schema: public; Owner: admin
--

ALTER TABLE public.django_migrations ALTER COLUMN id ADD GENERATED BY DEFAULT AS IDENTITY (
    SEQUENCE NAME public.django_migrations_id_seq
    START WITH 1
    INCREMENT BY 1
    NO MINVALUE
    NO MAXVALUE
    CACHE 1
);


--
-- Name: django_session; Type: TABLE; Schema: public; Owner: admin
--

CREATE TABLE public.django_session (
    session_key character varying(40) NOT NULL,
    session_data text NOT NULL,
    expire_date timestamp with time zone NOT NULL
);


ALTER TABLE public.django_session OWNER TO admin;

--
-- Data for Name: auth_group; Type: TABLE DATA; Schema: public; Owner: admin
--

COPY public.auth_group (id, name) FROM stdin;
\.


--
-- Data for Name: auth_group_permissions; Type: TABLE DATA; Schema: public; Owner: admin
--

COPY public.auth_group_permissions (id, group_id, permission_id) FROM stdin;
\.


--
-- Data for Name: auth_permission; Type: TABLE DATA; Schema: public; Owner: admin
--

COPY public.auth_permission (id, name, content_type_id, codename) FROM stdin;
1	Can add log entry	1	add_logentry
2	Can change log entry	1	change_logentry
3	Can delete log entry	1	delete_logentry
4	Can view log entry	1	view_logentry
5	Can add permission	2	add_permission
6	Can change permission	2	change_permission
7	Can delete permission	2	delete_permission
8	Can view permission	2	view_permission
9	Can add group	3	add_group
10	Can change group	3	change_group
11	Can delete group	3	delete_group
12	Can view group	3	view_group
13	Can add content type	4	add_contenttype
14	Can change content type	4	change_contenttype
15	Can delete content type	4	delete_contenttype
16	Can view content type	4	view_contenttype
17	Can add session	5	add_session
18	Can change session	5	change_session
19	Can delete session	5	delete_session
20	Can view session	5	view_session
21	Can add user	6	add_profile
22	Can change user	6	change_profile
23	Can delete user	6	delete_profile
24	Can view user	6	view_profile
25	Can add film	7	add_film
26	Can change film	7	change_film
27	Can delete film	7	delete_film
28	Can view film	7	view_film
\.


--
-- Data for Name: be_film; Type: TABLE DATA; Schema: public; Owner: admin
--

COPY public.be_film (id, title, description, director, release_year, genre, price, duration, video, cover_image, created_at, updated_at) FROM stdin;
ab9c2e8a-70b9-4c84-a283-53d9592cd9af	The Shawshank Redemption	A Maine banker convicted of the murder of his wife and her lover in 1947 gradually forms a friendship over a quarter century with a hardened convict, while maintaining his innocence and trying to remain hopeful through simple compassion.	Frank Darabont	1994	["Drama"]	50	8520	videos/ab9c2e8a-70b9-4c84-a283-53d9592cd9af.mp4	cover_images/ab9c2e8a-70b9-4c84-a283-53d9592cd9af.jpg	2024-08-22 01:34:53.903188+00	2024-08-22 01:34:53.903207+00
1afffc44-9909-46e5-815c-0f0c0bb8c50c	The Godfather	Don Vito Corleone, head of a mafia family, decides to hand over his empire to his youngest son, Michael. However, his decision unintentionally puts the lives of his loved ones in grave danger.	Francis Ford Coppola	1972	["Crime", "Drama"]	50	10500	videos/1afffc44-9909-46e5-815c-0f0c0bb8c50c.mp4	cover_images/1afffc44-9909-46e5-815c-0f0c0bb8c50c.jpg	2024-08-22 01:39:25.629256+00	2024-08-22 01:39:25.629267+00
03f9f09e-2251-447f-83ca-d9153dd3a499	The Dark Knight	When the menace known as the Joker wreaks havoc and chaos on the people of Gotham, Batman, James Gordon and Harvey Dent must work together to put an end to the madness.	Christopher Nolan	2008	["Action", "Crime", "Drama", "Thriller"]	50	9120	videos/03f9f09e-2251-447f-83ca-d9153dd3a499.mp4	cover_images/03f9f09e-2251-447f-83ca-d9153dd3a499.jpg	2024-08-22 01:43:29.928822+00	2024-08-22 01:43:29.928828+00
1549b81d-7af6-48b2-9a3e-7459e659a58d	The Godfather Part II	The early life and career of Vito Corleone in 1920s New York City is portrayed, while his son, Michael, expands and tightens his grip on the family crime syndicate.	Francis Ford Coppola	1974	["Crime", "Drama"]	50	12120	videos/1549b81d-7af6-48b2-9a3e-7459e659a58d.mp4	cover_images/1549b81d-7af6-48b2-9a3e-7459e659a58d.jpg	2024-08-22 01:46:10.138861+00	2024-08-22 01:46:10.138871+00
a3850667-c998-449a-b034-d8888113ca1a	12 Angry Men	The jury in a New York City murder trial is frustrated by a single member whose skeptical caution forces them to more carefully consider the evidence before jumping to a hasty verdict.	Sidney Lumet	1957	["Crime", "Drama"]	50	5760	videos/a3850667-c998-449a-b034-d8888113ca1a.mp4	cover_images/a3850667-c998-449a-b034-d8888113ca1a.jpg	2024-08-22 01:57:50.128526+00	2024-08-22 01:57:50.128534+00
00cbc13a-e6b3-4798-a300-653074488500	Schindler's List	In German-occupied Poland during World War II, industrialist Oskar Schindler gradually becomes concerned for his Jewish workforce after witnessing their persecution by the Nazis.	Steven Spielberg	1993	["Biography", "Drama", "History"]	50	11700	videos/00cbc13a-e6b3-4798-a300-653074488500.mp4	cover_images/00cbc13a-e6b3-4798-a300-653074488500.jpg	2024-08-22 02:00:08.240968+00	2024-08-22 02:00:08.240974+00
a5787cc8-9479-4ea7-a1ba-a4f636280957	The Lord of the Rings: The Return of the King	Gandalf and Aragorn lead the World of Men against Sauron's army to draw his gaze from Frodo and Sam as they approach Mount Doom with the One Ring.	Peter Jackson	2003	["Action", "Adventure", "Drama", "Fantasy"]	50	12060	videos/a5787cc8-9479-4ea7-a1ba-a4f636280957.mp4	cover_images/a5787cc8-9479-4ea7-a1ba-a4f636280957.jpg	2024-08-22 02:02:47.928482+00	2024-08-22 02:02:47.928489+00
84ad5a5f-c157-4b3b-9bc7-bf67b063b12d	Pulp Fiction	The lives of two mob hitmen, a boxer, a gangster and his wife, and a pair of diner bandits intertwine in four tales of violence and redemption.	Quentin Tarantino	1994	["Crime", "Drama"]	50	9240	videos/84ad5a5f-c157-4b3b-9bc7-bf67b063b12d.mp4	cover_images/84ad5a5f-c157-4b3b-9bc7-bf67b063b12d.jpg	2024-08-22 02:04:57.853547+00	2024-08-22 02:04:57.853554+00
5718cfd5-d3c2-4866-86b8-b013f2cab7a6	The Lord of the Rings: The Fellowship of the Ring	A meek Hobbit from the Shire and eight companions set out on a journey to destroy the powerful One Ring and save Middle-earth from the Dark Lord Sauron.	Peter Jackson	2001	["Action", "Adventure", "Drama", "Fantasy"]	50	10680	videos/5718cfd5-d3c2-4866-86b8-b013f2cab7a6.mp4	cover_images/5718cfd5-d3c2-4866-86b8-b013f2cab7a6.jpg	2024-08-22 02:07:27.949463+00	2024-08-22 02:07:27.949487+00
b814b64b-4ff8-4e70-9ca4-9437cd226b43	The Good, the Bad and the Ugly	A bounty hunting scam joins two men in an uneasy alliance against a third in a race to find a fortune in gold buried in a remote cemetery.	Sergio Leone	1966	["Adventure", "Drama", "Western"]	50	8880	videos/b814b64b-4ff8-4e70-9ca4-9437cd226b43.mp4	cover_images/b814b64b-4ff8-4e70-9ca4-9437cd226b43.jpg	2024-08-22 02:22:48.908824+00	2024-08-22 11:39:59.810458+00
\.


--
-- Data for Name: be_profile; Type: TABLE DATA; Schema: public; Owner: admin
--

COPY public.be_profile (password, last_login, is_superuser, username, first_name, last_name, is_staff, is_active, date_joined, id, email, balance, bought_movies) FROM stdin;
scrypt$16384$ud4T5PwBbNrWzGbGCmZy4P$8$5$FWHjNI3ZfJG9K8eHOtjmc+D+qaZfIIO2C5xQ5M6/GLs0VsHXyp4fKJO8BFtd90az8+yVIr2jkKFTQktRkfGcCA==	2024-08-22 14:43:08.140718+00	t	admin	labpr		t	t	2024-08-20 23:38:00.715046+00	d18ea9be-3178-41ab-b4a7-c0cac918a03a	labproadmin@faizath.com	0	[]
\.


--
-- Data for Name: be_profile_groups; Type: TABLE DATA; Schema: public; Owner: admin
--

COPY public.be_profile_groups (id, profile_id, group_id) FROM stdin;
\.


--
-- Data for Name: be_profile_user_permissions; Type: TABLE DATA; Schema: public; Owner: admin
--

COPY public.be_profile_user_permissions (id, profile_id, permission_id) FROM stdin;
\.


--
-- Data for Name: django_admin_log; Type: TABLE DATA; Schema: public; Owner: admin
--

COPY public.django_admin_log (id, action_time, object_id, object_repr, action_flag, change_message, content_type_id, user_id) FROM stdin;
\.


--
-- Data for Name: django_content_type; Type: TABLE DATA; Schema: public; Owner: admin
--

COPY public.django_content_type (id, app_label, model) FROM stdin;
1	admin	logentry
2	auth	permission
3	auth	group
4	contenttypes	contenttype
5	sessions	session
6	be	profile
7	be	film
\.


--
-- Data for Name: django_migrations; Type: TABLE DATA; Schema: public; Owner: admin
--

COPY public.django_migrations (id, app, name, applied) FROM stdin;
1	contenttypes	0001_initial	2024-08-20 23:35:55.506299+00
2	contenttypes	0002_remove_content_type_name	2024-08-20 23:35:55.512799+00
3	auth	0001_initial	2024-08-20 23:35:55.56464+00
4	auth	0002_alter_permission_name_max_length	2024-08-20 23:35:55.569181+00
5	auth	0003_alter_user_email_max_length	2024-08-20 23:35:55.572883+00
6	auth	0004_alter_user_username_opts	2024-08-20 23:35:55.576557+00
7	auth	0005_alter_user_last_login_null	2024-08-20 23:35:55.580542+00
8	auth	0006_require_contenttypes_0002	2024-08-20 23:35:55.582724+00
9	auth	0007_alter_validators_add_error_messages	2024-08-20 23:35:55.586882+00
10	auth	0008_alter_user_username_max_length	2024-08-20 23:35:55.59065+00
11	auth	0009_alter_user_last_name_max_length	2024-08-20 23:35:55.594592+00
12	auth	0010_alter_group_name_max_length	2024-08-20 23:35:55.59907+00
13	auth	0011_update_proxy_permissions	2024-08-20 23:35:55.603473+00
14	auth	0012_alter_user_first_name_max_length	2024-08-20 23:35:55.607485+00
15	be	0001_initial	2024-08-20 23:35:55.657816+00
16	admin	0001_initial	2024-08-20 23:35:55.682033+00
17	admin	0002_logentry_remove_auto_add	2024-08-20 23:35:55.686959+00
18	admin	0003_logentry_add_action_flag_choices	2024-08-20 23:35:55.691634+00
19	be	0002_film	2024-08-20 23:35:55.700674+00
20	be	0003_film_created_at_film_updated_at	2024-08-20 23:35:55.739667+00
21	be	0004_alter_film_created_at_alter_film_updated_at	2024-08-20 23:35:55.743028+00
22	be	0005_alter_film_cover_image_alter_film_updated_at_and_more	2024-08-20 23:35:55.746977+00
23	sessions	0001_initial	2024-08-20 23:35:55.763721+00
24	be	0006_alter_profile_is_active	2024-08-21 08:11:51.35268+00
25	be	0007_alter_profile_is_active	2024-08-21 08:26:02.115506+00
26	be	0008_alter_profile_is_active	2024-08-21 08:37:04.777711+00
27	be	0009_profile_bought_movies	2024-08-22 05:46:41.414744+00
\.


--
-- Data for Name: django_session; Type: TABLE DATA; Schema: public; Owner: admin
--

COPY public.django_session (session_key, session_data, expire_date) FROM stdin;
3msz0prm90xls9blka39v7mpopm2hs11	.eJxVjTkOwjAURO_iGlveiG1Kes5g_S0kgBIpS4W4OwGlgHbmvZmnqrAuXV1nmWrP6qTYZYGCooNLWUcHqDFC0mQJqLgMNoA6_GoIdJfh695guI6GxmGZejQfxOztbC4jy-O8s38DHczdZm9fxTbcSASJnFOWtCW--Ggh2-DRByiEpeUQCJNYjK1rUkvuyBECqdcbPVBBuA:1sh91o:MseR9b9OLEBVoswmRKYMOBLHdp94YOvxVRriDjkYUEQ	2024-09-05 14:43:08.145738+00
9xzkhxsa8mo0h3tyr7uhw45s8viq9e9y	.eJxVzDsOwjAQRdG9uCaWv-OYkp41RDPjMQmgRMqnQuwdIqWA-t3zXqrDbe27bZG5G4o6qxQhxVzbhijnJhD4hoKlxgfXcnSx1oTq9MsI-SHjbssdx9ukeRrXeSC9J_pYF32dijwvR_t30OPSf7VlZoGIhtgGREiFo0mcKrUCLAaM9cS-kHfOiiFrhXxlBAEXcnbq_QHn5EGT:1sgwEC:PiYpVWjRDJEMlkPfjYuXTOmz6YgY80sRIFfiUFQpxFE	2024-09-05 01:03:04.060184+00
\.


--
-- Name: auth_group_id_seq; Type: SEQUENCE SET; Schema: public; Owner: admin
--

SELECT pg_catalog.setval('public.auth_group_id_seq', 1, false);


--
-- Name: auth_group_permissions_id_seq; Type: SEQUENCE SET; Schema: public; Owner: admin
--

SELECT pg_catalog.setval('public.auth_group_permissions_id_seq', 1, false);


--
-- Name: auth_permission_id_seq; Type: SEQUENCE SET; Schema: public; Owner: admin
--

SELECT pg_catalog.setval('public.auth_permission_id_seq', 28, true);


--
-- Name: be_profile_groups_id_seq; Type: SEQUENCE SET; Schema: public; Owner: admin
--

SELECT pg_catalog.setval('public.be_profile_groups_id_seq', 1, false);


--
-- Name: be_profile_user_permissions_id_seq; Type: SEQUENCE SET; Schema: public; Owner: admin
--

SELECT pg_catalog.setval('public.be_profile_user_permissions_id_seq', 1, false);


--
-- Name: django_admin_log_id_seq; Type: SEQUENCE SET; Schema: public; Owner: admin
--

SELECT pg_catalog.setval('public.django_admin_log_id_seq', 1, false);


--
-- Name: django_content_type_id_seq; Type: SEQUENCE SET; Schema: public; Owner: admin
--

SELECT pg_catalog.setval('public.django_content_type_id_seq', 7, true);


--
-- Name: django_migrations_id_seq; Type: SEQUENCE SET; Schema: public; Owner: admin
--

SELECT pg_catalog.setval('public.django_migrations_id_seq', 27, true);


--
-- Name: auth_group auth_group_name_key; Type: CONSTRAINT; Schema: public; Owner: admin
--

ALTER TABLE ONLY public.auth_group
    ADD CONSTRAINT auth_group_name_key UNIQUE (name);


--
-- Name: auth_group_permissions auth_group_permissions_group_id_permission_id_0cd325b0_uniq; Type: CONSTRAINT; Schema: public; Owner: admin
--

ALTER TABLE ONLY public.auth_group_permissions
    ADD CONSTRAINT auth_group_permissions_group_id_permission_id_0cd325b0_uniq UNIQUE (group_id, permission_id);


--
-- Name: auth_group_permissions auth_group_permissions_pkey; Type: CONSTRAINT; Schema: public; Owner: admin
--

ALTER TABLE ONLY public.auth_group_permissions
    ADD CONSTRAINT auth_group_permissions_pkey PRIMARY KEY (id);


--
-- Name: auth_group auth_group_pkey; Type: CONSTRAINT; Schema: public; Owner: admin
--

ALTER TABLE ONLY public.auth_group
    ADD CONSTRAINT auth_group_pkey PRIMARY KEY (id);


--
-- Name: auth_permission auth_permission_content_type_id_codename_01ab375a_uniq; Type: CONSTRAINT; Schema: public; Owner: admin
--

ALTER TABLE ONLY public.auth_permission
    ADD CONSTRAINT auth_permission_content_type_id_codename_01ab375a_uniq UNIQUE (content_type_id, codename);


--
-- Name: auth_permission auth_permission_pkey; Type: CONSTRAINT; Schema: public; Owner: admin
--

ALTER TABLE ONLY public.auth_permission
    ADD CONSTRAINT auth_permission_pkey PRIMARY KEY (id);


--
-- Name: be_film be_film_pkey; Type: CONSTRAINT; Schema: public; Owner: admin
--

ALTER TABLE ONLY public.be_film
    ADD CONSTRAINT be_film_pkey PRIMARY KEY (id);


--
-- Name: be_profile be_profile_email_key; Type: CONSTRAINT; Schema: public; Owner: admin
--

ALTER TABLE ONLY public.be_profile
    ADD CONSTRAINT be_profile_email_key UNIQUE (email);


--
-- Name: be_profile_groups be_profile_groups_pkey; Type: CONSTRAINT; Schema: public; Owner: admin
--

ALTER TABLE ONLY public.be_profile_groups
    ADD CONSTRAINT be_profile_groups_pkey PRIMARY KEY (id);


--
-- Name: be_profile_groups be_profile_groups_profile_id_group_id_caf55a27_uniq; Type: CONSTRAINT; Schema: public; Owner: admin
--

ALTER TABLE ONLY public.be_profile_groups
    ADD CONSTRAINT be_profile_groups_profile_id_group_id_caf55a27_uniq UNIQUE (profile_id, group_id);


--
-- Name: be_profile be_profile_pkey; Type: CONSTRAINT; Schema: public; Owner: admin
--

ALTER TABLE ONLY public.be_profile
    ADD CONSTRAINT be_profile_pkey PRIMARY KEY (id);


--
-- Name: be_profile_user_permissions be_profile_user_permissi_profile_id_permission_id_e7eae483_uniq; Type: CONSTRAINT; Schema: public; Owner: admin
--

ALTER TABLE ONLY public.be_profile_user_permissions
    ADD CONSTRAINT be_profile_user_permissi_profile_id_permission_id_e7eae483_uniq UNIQUE (profile_id, permission_id);


--
-- Name: be_profile_user_permissions be_profile_user_permissions_pkey; Type: CONSTRAINT; Schema: public; Owner: admin
--

ALTER TABLE ONLY public.be_profile_user_permissions
    ADD CONSTRAINT be_profile_user_permissions_pkey PRIMARY KEY (id);


--
-- Name: be_profile be_profile_username_key; Type: CONSTRAINT; Schema: public; Owner: admin
--

ALTER TABLE ONLY public.be_profile
    ADD CONSTRAINT be_profile_username_key UNIQUE (username);


--
-- Name: django_admin_log django_admin_log_pkey; Type: CONSTRAINT; Schema: public; Owner: admin
--

ALTER TABLE ONLY public.django_admin_log
    ADD CONSTRAINT django_admin_log_pkey PRIMARY KEY (id);


--
-- Name: django_content_type django_content_type_app_label_model_76bd3d3b_uniq; Type: CONSTRAINT; Schema: public; Owner: admin
--

ALTER TABLE ONLY public.django_content_type
    ADD CONSTRAINT django_content_type_app_label_model_76bd3d3b_uniq UNIQUE (app_label, model);


--
-- Name: django_content_type django_content_type_pkey; Type: CONSTRAINT; Schema: public; Owner: admin
--

ALTER TABLE ONLY public.django_content_type
    ADD CONSTRAINT django_content_type_pkey PRIMARY KEY (id);


--
-- Name: django_migrations django_migrations_pkey; Type: CONSTRAINT; Schema: public; Owner: admin
--

ALTER TABLE ONLY public.django_migrations
    ADD CONSTRAINT django_migrations_pkey PRIMARY KEY (id);


--
-- Name: django_session django_session_pkey; Type: CONSTRAINT; Schema: public; Owner: admin
--

ALTER TABLE ONLY public.django_session
    ADD CONSTRAINT django_session_pkey PRIMARY KEY (session_key);


--
-- Name: auth_group_name_a6ea08ec_like; Type: INDEX; Schema: public; Owner: admin
--

CREATE INDEX auth_group_name_a6ea08ec_like ON public.auth_group USING btree (name varchar_pattern_ops);


--
-- Name: auth_group_permissions_group_id_b120cbf9; Type: INDEX; Schema: public; Owner: admin
--

CREATE INDEX auth_group_permissions_group_id_b120cbf9 ON public.auth_group_permissions USING btree (group_id);


--
-- Name: auth_group_permissions_permission_id_84c5c92e; Type: INDEX; Schema: public; Owner: admin
--

CREATE INDEX auth_group_permissions_permission_id_84c5c92e ON public.auth_group_permissions USING btree (permission_id);


--
-- Name: auth_permission_content_type_id_2f476e4b; Type: INDEX; Schema: public; Owner: admin
--

CREATE INDEX auth_permission_content_type_id_2f476e4b ON public.auth_permission USING btree (content_type_id);


--
-- Name: be_profile_email_81733b02_like; Type: INDEX; Schema: public; Owner: admin
--

CREATE INDEX be_profile_email_81733b02_like ON public.be_profile USING btree (email varchar_pattern_ops);


--
-- Name: be_profile_groups_group_id_54896704; Type: INDEX; Schema: public; Owner: admin
--

CREATE INDEX be_profile_groups_group_id_54896704 ON public.be_profile_groups USING btree (group_id);


--
-- Name: be_profile_groups_profile_id_6d85bee4; Type: INDEX; Schema: public; Owner: admin
--

CREATE INDEX be_profile_groups_profile_id_6d85bee4 ON public.be_profile_groups USING btree (profile_id);


--
-- Name: be_profile_user_permissions_permission_id_7a098db6; Type: INDEX; Schema: public; Owner: admin
--

CREATE INDEX be_profile_user_permissions_permission_id_7a098db6 ON public.be_profile_user_permissions USING btree (permission_id);


--
-- Name: be_profile_user_permissions_profile_id_c8612d7c; Type: INDEX; Schema: public; Owner: admin
--

CREATE INDEX be_profile_user_permissions_profile_id_c8612d7c ON public.be_profile_user_permissions USING btree (profile_id);


--
-- Name: be_profile_username_58987a05_like; Type: INDEX; Schema: public; Owner: admin
--

CREATE INDEX be_profile_username_58987a05_like ON public.be_profile USING btree (username varchar_pattern_ops);


--
-- Name: django_admin_log_content_type_id_c4bce8eb; Type: INDEX; Schema: public; Owner: admin
--

CREATE INDEX django_admin_log_content_type_id_c4bce8eb ON public.django_admin_log USING btree (content_type_id);


--
-- Name: django_admin_log_user_id_c564eba6; Type: INDEX; Schema: public; Owner: admin
--

CREATE INDEX django_admin_log_user_id_c564eba6 ON public.django_admin_log USING btree (user_id);


--
-- Name: django_session_expire_date_a5c62663; Type: INDEX; Schema: public; Owner: admin
--

CREATE INDEX django_session_expire_date_a5c62663 ON public.django_session USING btree (expire_date);


--
-- Name: django_session_session_key_c0390e0f_like; Type: INDEX; Schema: public; Owner: admin
--

CREATE INDEX django_session_session_key_c0390e0f_like ON public.django_session USING btree (session_key varchar_pattern_ops);


--
-- Name: auth_group_permissions auth_group_permissio_permission_id_84c5c92e_fk_auth_perm; Type: FK CONSTRAINT; Schema: public; Owner: admin
--

ALTER TABLE ONLY public.auth_group_permissions
    ADD CONSTRAINT auth_group_permissio_permission_id_84c5c92e_fk_auth_perm FOREIGN KEY (permission_id) REFERENCES public.auth_permission(id) DEFERRABLE INITIALLY DEFERRED;


--
-- Name: auth_group_permissions auth_group_permissions_group_id_b120cbf9_fk_auth_group_id; Type: FK CONSTRAINT; Schema: public; Owner: admin
--

ALTER TABLE ONLY public.auth_group_permissions
    ADD CONSTRAINT auth_group_permissions_group_id_b120cbf9_fk_auth_group_id FOREIGN KEY (group_id) REFERENCES public.auth_group(id) DEFERRABLE INITIALLY DEFERRED;


--
-- Name: auth_permission auth_permission_content_type_id_2f476e4b_fk_django_co; Type: FK CONSTRAINT; Schema: public; Owner: admin
--

ALTER TABLE ONLY public.auth_permission
    ADD CONSTRAINT auth_permission_content_type_id_2f476e4b_fk_django_co FOREIGN KEY (content_type_id) REFERENCES public.django_content_type(id) DEFERRABLE INITIALLY DEFERRED;


--
-- Name: be_profile_groups be_profile_groups_group_id_54896704_fk_auth_group_id; Type: FK CONSTRAINT; Schema: public; Owner: admin
--

ALTER TABLE ONLY public.be_profile_groups
    ADD CONSTRAINT be_profile_groups_group_id_54896704_fk_auth_group_id FOREIGN KEY (group_id) REFERENCES public.auth_group(id) DEFERRABLE INITIALLY DEFERRED;


--
-- Name: be_profile_groups be_profile_groups_profile_id_6d85bee4_fk_be_profile_id; Type: FK CONSTRAINT; Schema: public; Owner: admin
--

ALTER TABLE ONLY public.be_profile_groups
    ADD CONSTRAINT be_profile_groups_profile_id_6d85bee4_fk_be_profile_id FOREIGN KEY (profile_id) REFERENCES public.be_profile(id) DEFERRABLE INITIALLY DEFERRED;


--
-- Name: be_profile_user_permissions be_profile_user_perm_permission_id_7a098db6_fk_auth_perm; Type: FK CONSTRAINT; Schema: public; Owner: admin
--

ALTER TABLE ONLY public.be_profile_user_permissions
    ADD CONSTRAINT be_profile_user_perm_permission_id_7a098db6_fk_auth_perm FOREIGN KEY (permission_id) REFERENCES public.auth_permission(id) DEFERRABLE INITIALLY DEFERRED;


--
-- Name: be_profile_user_permissions be_profile_user_perm_profile_id_c8612d7c_fk_be_profil; Type: FK CONSTRAINT; Schema: public; Owner: admin
--

ALTER TABLE ONLY public.be_profile_user_permissions
    ADD CONSTRAINT be_profile_user_perm_profile_id_c8612d7c_fk_be_profil FOREIGN KEY (profile_id) REFERENCES public.be_profile(id) DEFERRABLE INITIALLY DEFERRED;


--
-- Name: django_admin_log django_admin_log_content_type_id_c4bce8eb_fk_django_co; Type: FK CONSTRAINT; Schema: public; Owner: admin
--

ALTER TABLE ONLY public.django_admin_log
    ADD CONSTRAINT django_admin_log_content_type_id_c4bce8eb_fk_django_co FOREIGN KEY (content_type_id) REFERENCES public.django_content_type(id) DEFERRABLE INITIALLY DEFERRED;


--
-- Name: django_admin_log django_admin_log_user_id_c564eba6_fk_be_profile_id; Type: FK CONSTRAINT; Schema: public; Owner: admin
--

ALTER TABLE ONLY public.django_admin_log
    ADD CONSTRAINT django_admin_log_user_id_c564eba6_fk_be_profile_id FOREIGN KEY (user_id) REFERENCES public.be_profile(id) DEFERRABLE INITIALLY DEFERRED;


--
-- Name: SCHEMA public; Type: ACL; Schema: -; Owner: admin
--

REVOKE USAGE ON SCHEMA public FROM PUBLIC;
GRANT ALL ON SCHEMA public TO PUBLIC;


--
-- PostgreSQL database dump complete
--

